{"cameraMode":{"drawMode":0,"name":"Shaded","section":"Shading Mode"},"sceneLighting":true,"audioPlay":false,"sceneViewState":{"showFog":true,"showMaterialUpdate":false,"showSkybox":true,"showFlares":true,"showImageEffects":true,"showParticleSystems":true},"in2DMode":false,"pivot":{"x":-10.870391845703125,"y":102.44461059570313,"z":196.27630615234376},"rotation":{"x":0.0014832097804173828,"y":-0.9715421795845032,"z":0.23683592677116395,"w":0.006128792650997639},"size":40.5444221496582,"orthographic":false}